,price,symbol,id,side,size,timestamp_e6,cross_seq
0,47779.0,BTCUSD,477790000,Buy,19831.0,1640274379047154,4775819907
1,47780.0,BTCUSD,477800000,Buy,40.0,1640274379047154,4775819907
2,47780.5,BTCUSD,477805000,Buy,7000.0,1640274379047154,4775819907
3,47785.0,BTCUSD,477850000,Buy,300.0,1640274379047154,4775819907
4,47800.0,BTCUSD,478000000,Buy,60.0,1640274379047154,4775819907
5,47805.0,BTCUSD,478050000,Buy,100000.0,1640274379047154,4775819907
6,47811.0,BTCUSD,478110000,Buy,200.0,1640274379047154,4775819907
7,47820.0,BTCUSD,478200000,Buy,40.0,1640274379047154,4775819907
8,47839.0,BTCUSD,478390000,Buy,33.0,1640274379047154,4775819907
9,47840.0,BTCUSD,478400000,Buy,40.0,1640274379047154,4775819907
10,47860.0,BTCUSD,478600000,Buy,40.0,1640274379047154,4775819907
11,47870.5,BTCUSD,478705000,Buy,156462.0,1640274379047154,4775819907
12,47871.0,BTCUSD,478710000,Buy,100.0,1640274379047154,4775819907
13,47880.0,BTCUSD,478800000,Buy,5040.0,1640274379047154,4775819907
14,47880.5,BTCUSD,478805000,Buy,6000.0,1640274379047154,4775819907
15,47882.5,BTCUSD,478825000,Buy,31.0,1640274379047154,4775819907
16,47900.0,BTCUSD,479000000,Buy,40.0,1640274379047154,4775819907
17,47905.0,BTCUSD,479050000,Buy,100000.0,1640274379047154,4775819907
18,47920.0,BTCUSD,479200000,Buy,40.0,1640274379047154,4775819907
19,47930.5,BTCUSD,479305000,Buy,1.0,1640274379047154,4775819907
20,47940.0,BTCUSD,479400000,Buy,40.0,1640274379047154,4775819907
21,47950.5,BTCUSD,479505000,Buy,1500000.0,1640274379047154,4775819907
22,47953.0,BTCUSD,479530000,Buy,108734.0,1640274379047154,4775819907
23,47953.5,BTCUSD,479535000,Buy,1.0,1640274379047154,4775819907
24,47958.5,BTCUSD,479585000,Buy,404431.0,1640274379047154,4775819907
25,47960.0,BTCUSD,479600000,Buy,54638.0,1640274379047154,4775819907
26,47968.0,BTCUSD,479680000,Buy,100.0,1640274379047154,4775819907
27,47975.5,BTCUSD,479755000,Buy,1000000.0,1640274379047154,4775819907
28,48000.0,BTCUSD,480000000,Buy,1500100.0,1640274379047154,4775819907
29,48038.0,BTCUSD,480380000,Buy,1000000.0,1640274379047154,4775819907
30,48059.0,BTCUSD,480590000,Buy,500000.0,1640274379047154,4775819907
31,48063.0,BTCUSD,480630000,Buy,1000000.0,1640274379047154,4775819907
32,48065.5,BTCUSD,480655000,Buy,100.0,1640274379047154,4775819907
33,48074.5,BTCUSD,480745000,Buy,100.0,1640274379047154,4775819907
34,48100.5,BTCUSD,481005000,Buy,1000000.0,1640274379047154,4775819907
35,48125.0,BTCUSD,481250000,Buy,959294.0,1640274379047154,4775819907
36,48150.0,BTCUSD,481500000,Buy,100.0,1640274379047154,4775819907
37,48154.5,BTCUSD,481545000,Buy,134264.0,1640274379047154,4775819907
38,48159.0,BTCUSD,481590000,Buy,52546.0,1640274379047154,4775819907
39,48163.0,BTCUSD,481630000,Buy,100.0,1640274379047154,4775819907
40,48168.0,BTCUSD,481680000,Buy,52685.0,1640274379047154,4775819907
41,48182.5,BTCUSD,481825000,Buy,8327.0,1640274379047154,4775819907
42,48183.5,BTCUSD,481835000,Buy,53635.0,1640274379047154,4775819907
43,48189.0,BTCUSD,481890000,Buy,62912.0,1640274379047154,4775819907
44,48194.5,BTCUSD,481945000,Buy,62853.0,1640274379047154,4775819907
45,48200.0,BTCUSD,482000000,Buy,50058.0,1640274379047154,4775819907
46,48205.5,BTCUSD,482055000,Buy,70926.0,1640274379047154,4775819907
47,48206.0,BTCUSD,482060000,Buy,100.0,1640274379047154,4775819907
48,48212.0,BTCUSD,482120000,Buy,5210.0,1640274379047154,4775819907
49,48216.0,BTCUSD,482160000,Buy,51584.0,1640274379047154,4775819907
50,48226.5,BTCUSD,482265000,Buy,51099.0,1640274379047154,4775819907
51,48235.0,BTCUSD,482350000,Buy,2086.0,1640274379047154,4775819907
52,48235.5,BTCUSD,482355000,Buy,49633.0,1640274379047154,4775819907
53,48242.5,BTCUSD,482425000,Buy,50396.0,1640274379047154,4775819907
54,48248.0,BTCUSD,482480000,Buy,20876.0,1640274379047154,4775819907
55,48248.5,BTCUSD,482485000,Buy,404.0,1640274379047154,4775819907
56,48249.5,BTCUSD,482495000,Buy,50776.0,1640274379047154,4775819907
57,48250.0,BTCUSD,482500000,Buy,1100.0,1640274379047154,4775819907
58,48255.0,BTCUSD,482550000,Buy,51984.0,1640274379047154,4775819907
59,48260.0,BTCUSD,482600000,Buy,100.0,1640274379047154,4775819907
60,48263.5,BTCUSD,482635000,Buy,50044.0,1640274379047154,4775819907
61,48265.5,BTCUSD,482655000,Buy,100.0,1640274379047154,4775819907
62,48269.0,BTCUSD,482690000,Buy,56214.0,1640274379047154,4775819907
63,48274.5,BTCUSD,482745000,Buy,21447.0,1640274379047154,4775819907
64,48275.0,BTCUSD,482750000,Buy,56646.0,1640274379047154,4775819907
65,48280.5,BTCUSD,482805000,Buy,27759.0,1640274379047154,4775819907
66,48282.0,BTCUSD,482820000,Buy,515.0,1640274379047154,4775819907
67,48282.5,BTCUSD,482825000,Buy,50355.0,1640274379047154,4775819907
68,48283.0,BTCUSD,482830000,Buy,25.0,1640274379047154,4775819907
69,48289.5,BTCUSD,482895000,Buy,50158.0,1640274379047154,4775819907
70,48298.5,BTCUSD,482985000,Buy,50024.0,1640274379047154,4775819907
71,48307.0,BTCUSD,483070000,Buy,2936.0,1640274379047154,4775819907
72,48307.5,BTCUSD,483075000,Buy,50170.0,1640274379047154,4775819907
73,48309.0,BTCUSD,483090000,Buy,100.0,1640274379047154,4775819907
74,48313.0,BTCUSD,483130000,Buy,62948.0,1640274379047154,4775819907
75,48318.5,BTCUSD,483185000,Buy,90000.0,1640274379047154,4775819907
76,48321.0,BTCUSD,483210000,Buy,100.0,1640274379047154,4775819907
77,48324.0,BTCUSD,483240000,Buy,75808.0,1640274379047154,4775819907
78,48329.5,BTCUSD,483295000,Buy,52090.0,1640274379047154,4775819907
79,48335.0,BTCUSD,483350000,Buy,25400.0,1640274379047154,4775819907
80,48336.0,BTCUSD,483360000,Buy,50720.0,1640274379047154,4775819907
81,48341.5,BTCUSD,483415000,Buy,74066.0,1640274379047154,4775819907
82,48347.0,BTCUSD,483470000,Buy,29009.0,1640274379047154,4775819907
83,48347.5,BTCUSD,483475000,Buy,53014.0,1640274379047154,4775819907
84,48353.0,BTCUSD,483530000,Buy,85895.0,1640274379047154,4775819907
85,48357.5,BTCUSD,483575000,Buy,100.0,1640274379047154,4775819907
86,48358.5,BTCUSD,483585000,Buy,50441.0,1640274379047154,4775819907
87,48360.5,BTCUSD,483605000,Buy,1000.0,1640274379047154,4775819907
88,48367.5,BTCUSD,483675000,Buy,3539.0,1640274379047154,4775819907
89,48368.0,BTCUSD,483680000,Buy,50150.0,1640274379047154,4775819907
90,48374.5,BTCUSD,483745000,Buy,50313.0,1640274379047154,4775819907
91,48380.0,BTCUSD,483800000,Buy,88942.0,1640274379047154,4775819907
92,48390.0,BTCUSD,483900000,Buy,100.0,1640274379047154,4775819907
93,48394.0,BTCUSD,483940000,Buy,67848.0,1640274379047154,4775819907
94,48400.5,BTCUSD,484005000,Buy,2667.0,1640274379047154,4775819907
95,48401.0,BTCUSD,484010000,Buy,50878.0,1640274379047154,4775819907
96,48402.0,BTCUSD,484020000,Buy,150.0,1640274379047154,4775819907
97,48405.0,BTCUSD,484050000,Buy,25.0,1640274379047154,4775819907
98,48424.5,BTCUSD,484245000,Buy,100.0,1640274379047154,4775819907
99,48428.5,BTCUSD,484285000,Buy,100.0,1640274379047154,4775819907
100,48454.5,BTCUSD,484545000,Buy,100.0,1640274379047154,4775819907
101,48473.0,BTCUSD,484730000,Buy,100.0,1640274379047154,4775819907
102,48476.5,BTCUSD,484765000,Buy,10000.0,1640274379047154,4775819907
103,48480.0,BTCUSD,484800000,Buy,2178.0,1640274379047154,4775819907
104,48486.0,BTCUSD,484860000,Buy,608.0,1640274379047154,4775819907
105,48492.0,BTCUSD,484920000,Buy,938.0,1640274379047154,4775819907
106,48515.5,BTCUSD,485155000,Buy,186.0,1640274379047154,4775819907
107,48527.0,BTCUSD,485270000,Buy,25.0,1640274379047154,4775819907
108,48531.5,BTCUSD,485315000,Buy,100.0,1640274379047154,4775819907
109,48552.0,BTCUSD,485520000,Buy,100.0,1640274379047154,4775819907
110,48560.0,BTCUSD,485600000,Buy,20.0,1640274379047154,4775819907
111,48570.0,BTCUSD,485700000,Buy,20.0,1640274379047154,4775819907
112,48575.0,BTCUSD,485750000,Buy,200.0,1640274379047154,4775819907
113,48580.0,BTCUSD,485800000,Buy,20.0,1640274379047154,4775819907
114,48590.0,BTCUSD,485900000,Buy,20.0,1640274379047154,4775819907
115,48600.0,BTCUSD,486000000,Buy,37772.0,1640274379047154,4775819907
116,48610.0,BTCUSD,486100000,Buy,20.0,1640274379047154,4775819907
117,48620.0,BTCUSD,486200000,Buy,20.0,1640274379047154,4775819907
118,48621.5,BTCUSD,486215000,Buy,100.0,1640274379047154,4775819907
119,48630.0,BTCUSD,486300000,Buy,20.0,1640274379047154,4775819907
120,48639.0,BTCUSD,486390000,Buy,100.0,1640274379047154,4775819907
121,48639.5,BTCUSD,486395000,Buy,433.0,1640274379047154,4775819907
122,48640.0,BTCUSD,486400000,Buy,20.0,1640274379047154,4775819907
123,48640.5,BTCUSD,486405000,Buy,100.0,1640274379047154,4775819907
124,48646.0,BTCUSD,486460000,Buy,100.0,1640274379047154,4775819907
125,48649.0,BTCUSD,486490000,Buy,25.0,1640274379047154,4775819907
126,48649.5,BTCUSD,486495000,Buy,100.0,1640274379047154,4775819907
127,48650.0,BTCUSD,486500000,Buy,20.0,1640274379047154,4775819907
128,48655.0,BTCUSD,486550000,Buy,100.0,1640274379047154,4775819907
129,48659.0,BTCUSD,486590000,Buy,200.0,1640274379047154,4775819907
130,48660.0,BTCUSD,486600000,Buy,20.0,1640274379047154,4775819907
131,48660.5,BTCUSD,486605000,Buy,1000.0,1640274379047154,4775819907
132,48661.0,BTCUSD,486610000,Buy,100.0,1640274379047154,4775819907
133,48670.0,BTCUSD,486700000,Buy,20.0,1640274379047154,4775819907
134,48671.0,BTCUSD,486710000,Buy,100.0,1640274379047154,4775819907
135,48676.5,BTCUSD,486765000,Buy,100.0,1640274379047154,4775819907
136,48680.0,BTCUSD,486800000,Buy,20.0,1640274379047154,4775819907
137,48700.0,BTCUSD,487000000,Buy,20.0,1640274379047154,4775819907
138,48710.0,BTCUSD,487100000,Buy,20.0,1640274379047154,4775819907
139,48712.0,BTCUSD,487120000,Buy,20.0,1640274379047154,4775819907
140,48720.0,BTCUSD,487200000,Buy,20.0,1640274379047154,4775819907
141,48765.0,BTCUSD,487650000,Sell,10.0,1640274379047154,4775819907
142,48770.0,BTCUSD,487700000,Sell,10.0,1640274379047154,4775819907
143,48775.0,BTCUSD,487750000,Sell,10.0,1640274379047154,4775819907
144,48780.0,BTCUSD,487800000,Sell,10.0,1640274379047154,4775819907
145,48785.0,BTCUSD,487850000,Sell,10.0,1640274379047154,4775819907
146,48795.0,BTCUSD,487950000,Sell,10.0,1640274379047154,4775819907
147,48800.0,BTCUSD,488000000,Sell,10.0,1640274379047154,4775819907
148,48805.0,BTCUSD,488050000,Sell,10.0,1640274379047154,4775819907
149,48810.0,BTCUSD,488100000,Sell,10.0,1640274379047154,4775819907
150,48815.0,BTCUSD,488150000,Sell,10.0,1640274379047154,4775819907
151,48820.0,BTCUSD,488200000,Sell,10.0,1640274379047154,4775819907
152,48825.0,BTCUSD,488250000,Sell,10.0,1640274379047154,4775819907
153,48830.0,BTCUSD,488300000,Sell,10.0,1640274379047154,4775819907
154,48835.0,BTCUSD,488350000,Sell,10.0,1640274379047154,4775819907
155,48840.0,BTCUSD,488400000,Sell,10.0,1640274379047154,4775819907
156,48844.0,BTCUSD,488440000,Sell,100.0,1640274379047154,4775819907
157,48845.0,BTCUSD,488450000,Sell,10.0,1640274379047154,4775819907
158,48850.0,BTCUSD,488500000,Sell,10.0,1640274379047154,4775819907
159,48853.5,BTCUSD,488535000,Sell,100.0,1640274379047154,4775819907
160,48854.0,BTCUSD,488540000,Sell,100.0,1640274379047154,4775819907
161,48855.0,BTCUSD,488550000,Sell,10.0,1640274379047154,4775819907
162,48855.5,BTCUSD,488555000,Sell,100.0,1640274379047154,4775819907
163,48858.5,BTCUSD,488585000,Sell,25.0,1640274379047154,4775819907
164,48860.0,BTCUSD,488600000,Sell,10.0,1640274379047154,4775819907
165,48863.0,BTCUSD,488630000,Sell,144.0,1640274379047154,4775819907
166,48865.0,BTCUSD,488650000,Sell,10.0,1640274379047154,4775819907
167,48870.0,BTCUSD,488700000,Sell,10.0,1640274379047154,4775819907
168,48875.0,BTCUSD,488750000,Sell,44.0,1640274379047154,4775819907
169,48880.0,BTCUSD,488800000,Sell,10.0,1640274379047154,4775819907
170,48885.0,BTCUSD,488850000,Sell,10.0,1640274379047154,4775819907
171,48890.0,BTCUSD,488900000,Sell,10.0,1640274379047154,4775819907
172,48895.0,BTCUSD,488950000,Sell,10.0,1640274379047154,4775819907
173,48900.0,BTCUSD,489000000,Sell,10.0,1640274379047154,4775819907
174,48905.0,BTCUSD,489050000,Sell,10.0,1640274379047154,4775819907
175,48910.0,BTCUSD,489100000,Sell,10.0,1640274379047154,4775819907
176,48915.0,BTCUSD,489150000,Sell,10.0,1640274379047154,4775819907
177,48920.0,BTCUSD,489200000,Sell,10.0,1640274379047154,4775819907
178,48923.5,BTCUSD,489235000,Sell,34.0,1640274379047154,4775819907
179,48925.0,BTCUSD,489250000,Sell,10.0,1640274379047154,4775819907
180,48930.0,BTCUSD,489300000,Sell,10.0,1640274379047154,4775819907
181,48932.5,BTCUSD,489325000,Sell,72.0,1640274379047154,4775819907
182,48935.0,BTCUSD,489350000,Sell,10.0,1640274379047154,4775819907
183,48939.0,BTCUSD,489390000,Sell,100.0,1640274379047154,4775819907
184,48941.0,BTCUSD,489410000,Sell,100.0,1640274379047154,4775819907
185,48952.0,BTCUSD,489520000,Sell,66.0,1640274379047154,4775819907
186,48959.0,BTCUSD,489590000,Sell,432.0,1640274379047154,4775819907
187,48972.0,BTCUSD,489720000,Sell,34.0,1640274379047154,4775819907
188,48980.0,BTCUSD,489800000,Sell,25.0,1640274379047154,4775819907
189,49013.5,BTCUSD,490135000,Sell,300.0,1640274379047154,4775819907
190,49017.0,BTCUSD,490170000,Sell,7.0,1640274379047154,4775819907
191,49020.5,BTCUSD,490205000,Sell,34.0,1640274379047154,4775819907
192,49023.5,BTCUSD,490235000,Sell,400.0,1640274379047154,4775819907
193,49038.5,BTCUSD,490385000,Sell,100.0,1640274379047154,4775819907
194,49040.0,BTCUSD,490400000,Sell,1445.0,1640274379047154,4775819907
195,49053.5,BTCUSD,490535000,Sell,69250.0,1640274379047154,4775819907
196,49056.0,BTCUSD,490560000,Sell,2011.0,1640274379047154,4775819907
197,49058.0,BTCUSD,490580000,Sell,777.0,1640274379047154,4775819907
198,49065.0,BTCUSD,490650000,Sell,10000.0,1640274379047154,4775819907
199,49066.5,BTCUSD,490665000,Sell,77317.0,1640274379047154,4775819907
200,49067.5,BTCUSD,490675000,Sell,3881.0,1640274379047154,4775819907
201,49069.5,BTCUSD,490695000,Sell,34.0,1640274379047154,4775819907
202,49070.0,BTCUSD,490700000,Sell,10000.0,1640274379047154,4775819907
203,49070.5,BTCUSD,490705000,Sell,1641.0,1640274379047154,4775819907
204,49073.0,BTCUSD,490730000,Sell,50866.0,1640274379047154,4775819907
205,49073.5,BTCUSD,490735000,Sell,10000.0,1640274379047154,4775819907
206,49074.0,BTCUSD,490740000,Sell,132.0,1640274379047154,4775819907
207,49075.0,BTCUSD,490750000,Sell,10000.0,1640274379047154,4775819907
208,49079.0,BTCUSD,490790000,Sell,78418.0,1640274379047154,4775819907
209,49080.0,BTCUSD,490800000,Sell,10000.0,1640274379047154,4775819907
210,49080.5,BTCUSD,490805000,Sell,15.0,1640274379047154,4775819907
211,49081.0,BTCUSD,490810000,Sell,100000.0,1640274379047154,4775819907
212,49084.5,BTCUSD,490845000,Sell,51090.0,1640274379047154,4775819907
213,49085.0,BTCUSD,490850000,Sell,12226.0,1640274379047154,4775819907
214,49086.0,BTCUSD,490860000,Sell,3559.0,1640274379047154,4775819907
215,49088.0,BTCUSD,490880000,Sell,10000.0,1640274379047154,4775819907
216,49090.0,BTCUSD,490900000,Sell,10000.0,1640274379047154,4775819907
217,49090.5,BTCUSD,490905000,Sell,10000.0,1640274379047154,4775819907
218,49091.0,BTCUSD,490910000,Sell,10000.0,1640274379047154,4775819907
219,49093.0,BTCUSD,490930000,Sell,56533.0,1640274379047154,4775819907
220,49096.0,BTCUSD,490960000,Sell,233.0,1640274379047154,4775819907
221,49098.5,BTCUSD,490985000,Sell,53932.0,1640274379047154,4775819907
222,49100.0,BTCUSD,491000000,Sell,2400.0,1640274379047154,4775819907
223,49101.5,BTCUSD,491015000,Sell,25.0,1640274379047154,4775819907
224,49105.0,BTCUSD,491050000,Sell,3777.0,1640274379047154,4775819907
225,49106.0,BTCUSD,491060000,Sell,100.0,1640274379047154,4775819907
226,49107.0,BTCUSD,491070000,Sell,62384.0,1640274379047154,4775819907
227,49113.0,BTCUSD,491130000,Sell,50204.0,1640274379047154,4775819907
228,49113.5,BTCUSD,491135000,Sell,466.0,1640274379047154,4775819907
229,49114.5,BTCUSD,491145000,Sell,971.0,1640274379047154,4775819907
230,49115.0,BTCUSD,491150000,Sell,1831.0,1640274379047154,4775819907
231,49123.0,BTCUSD,491230000,Sell,63828.0,1640274379047154,4775819907
232,49128.0,BTCUSD,491280000,Sell,4570.0,1640274379047154,4775819907
233,49128.5,BTCUSD,491285000,Sell,46431.0,1640274379047154,4775819907
234,49134.0,BTCUSD,491340000,Sell,115.0,1640274379047154,4775819907
235,49135.5,BTCUSD,491355000,Sell,50264.0,1640274379047154,4775819907
236,49136.0,BTCUSD,491360000,Sell,906.0,1640274379047154,4775819907
237,49136.5,BTCUSD,491365000,Sell,15981.0,1640274379047154,4775819907
238,49137.0,BTCUSD,491370000,Sell,7078.0,1640274379047154,4775819907
239,49143.5,BTCUSD,491435000,Sell,29.0,1640274379047154,4775819907
240,49144.5,BTCUSD,491445000,Sell,53139.0,1640274379047154,4775819907
241,49150.0,BTCUSD,491500000,Sell,87203.0,1640274379047154,4775819907
242,49155.0,BTCUSD,491550000,Sell,100.0,1640274379047154,4775819907
243,49155.5,BTCUSD,491555000,Sell,53901.0,1640274379047154,4775819907
244,49161.0,BTCUSD,491610000,Sell,50637.0,1640274379047154,4775819907
245,49161.5,BTCUSD,491615000,Sell,23060.0,1640274379047154,4775819907
246,49172.5,BTCUSD,491725000,Sell,55845.0,1640274379047154,4775819907
247,49178.0,BTCUSD,491780000,Sell,50276.0,1640274379047154,4775819907
248,49181.0,BTCUSD,491810000,Sell,1925.0,1640274379047154,4775819907
249,49182.0,BTCUSD,491820000,Sell,9929.0,1640274379047154,4775819907
250,49182.5,BTCUSD,491825000,Sell,115.0,1640274379047154,4775819907
251,49183.5,BTCUSD,491835000,Sell,41577.0,1640274379047154,4775819907
252,49187.5,BTCUSD,491875000,Sell,10330.0,1640274379047154,4775819907
253,49189.0,BTCUSD,491890000,Sell,39768.0,1640274379047154,4775819907
254,49189.5,BTCUSD,491895000,Sell,6856.0,1640274379047154,4775819907
255,49190.5,BTCUSD,491905000,Sell,19999.0,1640274379047154,4775819907
256,49196.0,BTCUSD,491960000,Sell,20077.0,1640274379047154,4775819907
257,49199.0,BTCUSD,491990000,Sell,36653.0,1640274379047154,4775819907
258,49200.0,BTCUSD,492000000,Sell,3792.0,1640274379047154,4775819907
259,49201.5,BTCUSD,492015000,Sell,53112.0,1640274379047154,4775819907
260,49202.5,BTCUSD,492025000,Sell,100.0,1640274379047154,4775819907
261,49204.0,BTCUSD,492040000,Sell,100.0,1640274379047154,4775819907
262,49207.0,BTCUSD,492070000,Sell,50304.0,1640274379047154,4775819907
263,49207.5,BTCUSD,492075000,Sell,25545.0,1640274379047154,4775819907
264,49215.5,BTCUSD,492155000,Sell,50893.0,1640274379047154,4775819907
265,49220.0,BTCUSD,492200000,Sell,6416.0,1640274379047154,4775819907
266,49221.0,BTCUSD,492210000,Sell,50194.0,1640274379047154,4775819907
267,49221.5,BTCUSD,492215000,Sell,199.0,1640274379047154,4775819907
268,49224.0,BTCUSD,492240000,Sell,5701.0,1640274379047154,4775819907
269,49225.5,BTCUSD,492255000,Sell,22661.0,1640274379047154,4775819907
270,49226.0,BTCUSD,492260000,Sell,26173.0,1640274379047154,4775819907
271,49231.5,BTCUSD,492315000,Sell,50258.0,1640274379047154,4775819907
272,49232.0,BTCUSD,492320000,Sell,583.0,1640274379047154,4775819907
273,49233.0,BTCUSD,492330000,Sell,6700.0,1640274379047154,4775819907
274,49235.5,BTCUSD,492355000,Sell,3638.0,1640274379047154,4775819907
275,49236.0,BTCUSD,492360000,Sell,1639.0,1640274379047154,4775819907
276,49236.5,BTCUSD,492365000,Sell,75524.0,1640274379047154,4775819907
277,49239.5,BTCUSD,492395000,Sell,100000.0,1640274379047154,4775819907
278,49242.0,BTCUSD,492420000,Sell,50416.0,1640274379047154,4775819907
279,49247.5,BTCUSD,492475000,Sell,50062.0,1640274379047154,4775819907
280,49248.0,BTCUSD,492480000,Sell,1489.0,1640274379047154,4775819907
281,49250.0,BTCUSD,492500000,Sell,2400.0,1640274379047154,4775819907
282,49256.5,BTCUSD,492565000,Sell,50907.0,1640274379047154,4775819907
283,49266.5,BTCUSD,492665000,Sell,76425.0,1640274379047154,4775819907
284,49270.5,BTCUSD,492705000,Sell,117.0,1640274379047154,4775819907
285,49272.0,BTCUSD,492720000,Sell,52299.0,1640274379047154,4775819907
286,49280.5,BTCUSD,492805000,Sell,50166.0,1640274379047154,4775819907
287,49281.0,BTCUSD,492810000,Sell,2170.0,1640274379047154,4775819907
288,49282.0,BTCUSD,492820000,Sell,1911.0,1640274379047154,4775819907
289,49287.5,BTCUSD,492875000,Sell,51399.0,1640274379047154,4775819907
290,49288.0,BTCUSD,492880000,Sell,213.0,1640274379047154,4775819907
291,48143.0,BTCUSD,481430000,Buy,58899.0,1640274400347496,4775820093
292,48540.0,BTCUSD,485400000,Buy,20.0,1640274400547622,4775820095
293,48550.0,BTCUSD,485500000,Buy,20.0,1640274400547622,4775820095
294,49041.5,BTCUSD,490415000,Sell,61227.0,1640274400847908,4775820126
295,49047.0,BTCUSD,490470000,Sell,50880.0,1640274401147572,4775820127
296,48789.0,BTCUSD,487890000,Sell,2939.0,1640274403247490,4775820137
297,49119.0,BTCUSD,491190000,Sell,2196.0,1640274403347512,4775820138
298,48750.0,BTCUSD,487500000,Sell,10.0,1640274404348591,4775820149
299,48755.0,BTCUSD,487550000,Sell,10.0,1640274404647668,4775820150
300,49008.5,BTCUSD,490085000,Sell,300.0,1640274405847586,4775820152
301,48374.0,BTCUSD,483740000,Buy,738.0,1640274406847925,4775820239
302,48715.0,BTCUSD,487150000,Buy,20070.0,1640274406847925,4775820239
303,49249.0,BTCUSD,492490000,Sell,3696.0,1640274406847925,4775820239
304,49047.5,BTCUSD,490475000,Sell,185.0,1640274406947601,4775820271
305,49129.0,BTCUSD,491290000,Sell,7632.0,1640274406947601,4775820271
306,49251.0,BTCUSD,492510000,Sell,1209.0,1640274407047522,4775820300
307,49048.0,BTCUSD,490480000,Sell,24125.0,1640274407047522,4775820300
308,49257.0,BTCUSD,492570000,Sell,1200.0,1640274407047522,4775820300
309,49107.5,BTCUSD,491075000,Sell,954.0,1640274407047522,4775820300
310,49289.5,BTCUSD,492895000,Sell,7532.0,1640274407047522,4775820300
311,49258.5,BTCUSD,492585000,Sell,77445.0,1640274407047522,4775820300
312,49209.0,BTCUSD,492090000,Sell,72824.0,1640274407047522,4775820300
313,49087.0,BTCUSD,490870000,Sell,8412.0,1640274407147533,4775820302
314,49115.5,BTCUSD,491155000,Sell,51748.0,1640274407447946,4775820306
315,49273.0,BTCUSD,492730000,Sell,4278.0,1640274407547583,4775820311
316,49275.0,BTCUSD,492750000,Sell,52988.0,1640274407947528,4775820313
317,48790.0,BTCUSD,487900000,Sell,10.0,1640274410247510,4775820344
318,48241.0,BTCUSD,482410000,Buy,1663.0,1640274411647515,4775820362
319,48225.0,BTCUSD,482250000,Buy,8695.0,1640274411647515,4775820362
320,48298.0,BTCUSD,482980000,Buy,609.0,1640274411647515,4775820362
321,48178.0,BTCUSD,481780000,Buy,50562.0,1640274411847553,4775820367
322,48717.5,BTCUSD,487175000,Buy,18610.0,1640274412147622,4775820378
323,48263.0,BTCUSD,482630000,Buy,2047.0,1640274414047931,4775820421
324,49036.0,BTCUSD,490360000,Sell,115.0,1640274414147787,4775820426
325,49086.5,BTCUSD,490865000,Sell,59682.0,1640274414147787,4775820426
326,49099.0,BTCUSD,490990000,Sell,3294.0,1640274414247835,4775820431
327,49060.0,BTCUSD,490600000,Sell,66109.0,1640274414247835,4775820431
328,48366.0,BTCUSD,483660000,Buy,2672.0,1640274414247835,4775820431
329,49137.5,BTCUSD,491375000,Sell,26236.0,1640274414347491,4775820433
330,48234.0,BTCUSD,482340000,Buy,4727.0,1640274414547503,4775820434
331,48388.5,BTCUSD,483885000,Buy,50420.0,1640274415247794,4775820457
332,48760.0,BTCUSD,487600000,Sell,20250.0,1640274421147626,4775820492
333,49015.5,BTCUSD,490155000,Sell,7.0,1640274421647978,4775820500
334,49167.0,BTCUSD,491670000,Sell,63668.0,1640274421847569,4775820507
335,48867.5,BTCUSD,488675000,Sell,7.0,1640274421847569,4775820507
336,48941.5,BTCUSD,489415000,Sell,7.0,1640274421947484,4775820515
337,49089.5,BTCUSD,490895000,Sell,7.0,1640274422047430,4775820517
338,49237.5,BTCUSD,492375000,Sell,7.0,1640274422047430,4775820517
339,48769.0,BTCUSD,487690000,Sell,35180.0,1640274427147635,4775820543
340,48690.0,BTCUSD,486900000,Buy,17.0,1640274428447485,4775820546
341,48818.0,BTCUSD,488180000,Sell,10.0,1640274429647578,4775820558
342,48678.0,BTCUSD,486780000,Buy,264.0,1640274432847487,4775820565
343,48261.0,BTCUSD,482610000,Buy,641.0,1640274434447917,4775820601
344,48221.5,BTCUSD,482215000,Buy,50678.0,1640274434447917,4775820601
345,48223.0,BTCUSD,482230000,Buy,88.0,1640274434547540,4775820607
346,48387.5,BTCUSD,483875000,Buy,5097.0,1640274434647511,4775820611
347,48305.5,BTCUSD,483055000,Buy,151.0,1640274434647511,4775820611
348,49163.5,BTCUSD,491635000,Sell,7.0,1640274436847880,4775820660
349,49291.5,BTCUSD,492915000,Sell,44672.0,1640274436847880,4775820660
350,48211.0,BTCUSD,482110000,Buy,53813.0,1640274436948547,4775820694
351,48177.5,BTCUSD,481775000,Buy,2406.0,1640274436948547,4775820694
352,48711.5,BTCUSD,487115000,Buy,38120.0,1640274437047607,4775820729
353,48721.5,BTCUSD,487215000,Buy,23840.0,1640274437047607,4775820729
354,48260.5,BTCUSD,482605000,Buy,1895.0,1640274438147520,4775820751
355,48365.5,BTCUSD,483655000,Buy,61.0,1640274438147520,4775820751
356,48745.0,BTCUSD,487450000,Sell,107740.0,1640274438147520,4775820751
357,48746.0,BTCUSD,487460000,Sell,125470.0,1640274438147520,4775820751
358,48233.5,BTCUSD,482335000,Buy,608.0,1640274438147520,4775820751
359,48138.0,BTCUSD,481380000,Buy,69636.0,1640274438147520,4775820751
360,48304.0,BTCUSD,483040000,Buy,9926.0,1640274438247531,4775820756
361,48386.5,BTCUSD,483865000,Buy,1284.0,1640274438247531,4775820756
362,48167.5,BTCUSD,481675000,Buy,847.0,1640274438247531,4775820756
363,47774.0,BTCUSD,477740000,Buy,10000.0,1640274438247531,4775820756
364,48709.5,BTCUSD,487095000,Buy,46880.0,1640274438347608,4775820778
365,48746.5,BTCUSD,487465000,Sell,39480.0,1640274438347608,4775820778
366,48730.0,BTCUSD,487300000,Buy,20.0,1640274438347608,4775820778
367,48747.0,BTCUSD,487470000,Sell,125840.0,1640274438347608,4775820778
368,48724.5,BTCUSD,487245000,Buy,95840.0,1640274438347608,4775820778
369,48725.5,BTCUSD,487255000,Buy,93330.0,1640274438347608,4775820778
370,48725.0,BTCUSD,487250000,Buy,124650.0,1640274438347608,4775820778
371,48726.0,BTCUSD,487260000,Buy,67280.0,1640274438347608,4775820778
372,48289.0,BTCUSD,482890000,Buy,1091.0,1640274438447437,4775820783
373,49292.0,BTCUSD,492920000,Sell,8304.0,1640274438747886,4775820787
374,48744.5,BTCUSD,487445000,Buy,11761.0,1640274438847542,4775820788
375,48373.5,BTCUSD,483735000,Buy,52787.0,1640274438947489,4775820803
376,48165.5,BTCUSD,481655000,Buy,13847.0,1640274438947489,4775820803
377,48165.0,BTCUSD,481650000,Buy,88432.0,1640274438947489,4775820803
378,48385.5,BTCUSD,483855000,Buy,5993.0,1640274438947489,4775820803
379,48241.5,BTCUSD,482415000,Buy,84506.0,1640274438947489,4775820803
380,48681.0,BTCUSD,486810000,Buy,5700.0,1640274438947489,4775820803
381,48175.5,BTCUSD,481755000,Buy,59235.0,1640274438947489,4775820803
382,48137.0,BTCUSD,481370000,Buy,73941.0,1640274438947489,4775820803
383,48131.5,BTCUSD,481315000,Buy,93575.0,1640274438947489,4775820803
384,48296.5,BTCUSD,482965000,Buy,50926.0,1640274438947489,4775820803
385,48153.5,BTCUSD,481535000,Buy,52029.0,1640274439047579,4775820806
386,48297.5,BTCUSD,482975000,Buy,1394.0,1640274439047579,4775820806
387,48176.5,BTCUSD,481765000,Buy,3085.0,1640274439147705,4775820808
388,48753.5,BTCUSD,487535000,Sell,5700.0,1640274439147705,4775820808
389,48466.5,BTCUSD,484665000,Buy,8550.0,1640274439247708,4775820809
390,48937.0,BTCUSD,489370000,Sell,8550.0,1640274439447498,4775820810
391,48164.5,BTCUSD,481645000,Buy,51584.0,1640274439547780,4775820811
392,48686.0,BTCUSD,486860000,Buy,23.0,1640274439647520,4775820812
393,48745.5,BTCUSD,487455000,Sell,99560.0,1640274440147770,4775820817
394,48748.0,BTCUSD,487480000,Sell,140860.0,1640274440147770,4775820817
395,48747.5,BTCUSD,487475000,Sell,153700.0,1640274440147770,4775820817
396,48724.0,BTCUSD,487240000,Buy,132060.0,1640274440147770,4775820817
397,49297.5,BTCUSD,492975000,Sell,55830.0,1640274440147770,4775820817
398,48794.0,BTCUSD,487940000,Sell,1011.0,1640274440247826,4775820819
